{
  "countries": [
    {
      "code": "gb",
      "name": "United Kingdom",
      "region": "Europe",
      "states": [
        {
          "code": "eng",
          "name": "England",
          "cities": ["London", "Manchester", "Birmingham", "Leeds", "Bristol", "Liverpool", "Sheffield", "Newcastle", "Cambridge", "Oxford", "Bath", "York", "Canterbury"]
        },
        {
          "code": "sco",
          "name": "Scotland",
          "cities": ["Edinburgh", "Glasgow", "Aberdeen", "Dundee", "Perth", "Stirling", "Inverness", "Ayr"]
        },
        {
          "code": "wal",
          "name": "Wales",
          "cities": ["Cardiff", "Swansea", "Newport", "Wrexham", "Llanelli", "Merthyr Tydfil", "Caerphilly"]
        },
        {
          "code": "nir",
          "name": "Northern Ireland",
          "cities": ["Belfast", "Derry", "Armagh", "Newry", "Lisburn", "Craigavon"]
        }
      ]
    },
    {
      "code": "us",
      "name": "United States",
      "region": "North America",
      "states": [
        {"code": "al", "name": "Alabama", "cities": ["Birmingham", "Montgomery", "Mobile", "Huntsville", "Tuscaloosa"]},
        {"code": "ak", "name": "Alaska", "cities": ["Anchorage", "Juneau", "Fairbanks", "Ketchikan"]},
        {"code": "az", "name": "Arizona", "cities": ["Phoenix", "Tucson", "Mesa", "Chandler", "Scottsdale"]},
        {"code": "ar", "name": "Arkansas", "cities": ["Little Rock", "Fort Smith", "Fayetteville", "Springdale"]},
        {"code": "ca", "name": "California", "cities": ["Los Angeles", "San Francisco", "San Diego", "Sacramento", "Long Beach", "Oakland", "Fresno", "San Jose", "Santa Ana"]},
        {"code": "co", "name": "Colorado", "cities": ["Denver", "Colorado Springs", "Aurora", "Fort Collins", "Lakewood"]},
        {"code": "ct", "name": "Connecticut", "cities": ["Hartford", "New Haven", "Bridgeport", "Stamford", "Waterbury"]},
        {"code": "de", "name": "Delaware", "cities": ["Wilmington", "Dover", "Newark", "Middletown", "Smyrna"]},
        {"code": "fl", "name": "Florida", "cities": ["Miami", "Tampa", "Jacksonville", "Orlando", "Fort Lauderdale", "Saint Petersburg", "Hialeah"]},
        {"code": "ga", "name": "Georgia", "cities": ["Atlanta", "Augusta", "Columbus", "Savannah", "Athens", "Macon"]},
        {"code": "hi", "name": "Hawaii", "cities": ["Honolulu", "Hilo", "Kailua", "Kaneohe", "Kahaluu"]},
        {"code": "id", "name": "Idaho", "cities": ["Boise", "Nampa", "Meridian", "Pocatello", "Coeur d'Alene"]},
        {"code": "il", "name": "Illinois", "cities": ["Chicago", "Aurora", "Rockford", "Joliet", "Naperville", "Peoria", "Springfield"]},
        {"code": "in", "name": "Indiana", "cities": ["Indianapolis", "Fort Wayne", "Evansville", "South Bend", "Bloomington"]},
        {"code": "ia", "name": "Iowa", "cities": ["Des Moines", "Cedar Rapids", "Davenport", "Sioux City", "Iowa City"]},
        {"code": "ks", "name": "Kansas", "cities": ["Kansas City", "Wichita", "Overland Park", "Topeka", "Olathe"]},
        {"code": "ky", "name": "Kentucky", "cities": ["Louisville", "Lexington", "Bowling Green", "Owensboro", "Covington"]},
        {"code": "la", "name": "Louisiana", "cities": ["New Orleans", "Baton Rouge", "Shreveport", "Lafayette", "Lake Charles"]},
        {"code": "me", "name": "Maine", "cities": ["Portland", "Lewiston", "Augusta", "Bangor", "South Portland"]},
        {"code": "md", "name": "Maryland", "cities": ["Baltimore", "Frederick", "Gaithersburg", "Bowie", "Annapolis"]},
        {"code": "ma", "name": "Massachusetts", "cities": ["Boston", "Worcester", "Springfield", "Cambridge", "Lowell", "Providence"]},
        {"code": "mi", "name": "Michigan", "cities": ["Detroit", "Grand Rapids", "Warren", "Sterling Heights", "Ann Arbor", "Lansing"]},
        {"code": "mn", "name": "Minnesota", "cities": ["Minneapolis", "Saint Paul", "Rochester", "Duluth", "Bloomington"]},
        {"code": "ms", "name": "Mississippi", "cities": ["Jackson", "Gulfport", "Biloxi", "Hattiesburg", "Meridian"]},
        {"code": "mo", "name": "Missouri", "cities": ["Kansas City", "Saint Louis", "Springfield", "Independence", "Columbia"]},
        {"code": "mt", "name": "Montana", "cities": ["Billings", "Missoula", "Great Falls", "Bozeman", "Butte"]},
        {"code": "ne", "name": "Nebraska", "cities": ["Omaha", "Lincoln", "Bellevue", "Grand Island", "Kearney"]},
        {"code": "nv", "name": "Nevada", "cities": ["Las Vegas", "Henderson", "Reno", "North Las Vegas", "Sparks"]},
        {"code": "nh", "name": "New Hampshire", "cities": ["Manchester", "Nashua", "Concord", "Derry", "Rochester"]},
        {"code": "nj", "name": "New Jersey", "cities": ["Newark", "Jersey City", "Paterson", "Elizabeth", "Trenton"]},
        {"code": "nm", "name": "New Mexico", "cities": ["Albuquerque", "Las Cruces", "Rio Rancho", "Santa Fe", "Roswell"]},
        {"code": "ny", "name": "New York", "cities": ["New York City", "Buffalo", "Rochester", "Albany", "Yonkers"]},
        {"code": "nc", "name": "North Carolina", "cities": ["Charlotte", "Raleigh", "Greensboro", "Durham", "Winston-Salem"]},
        {"code": "nd", "name": "North Dakota", "cities": ["Bismarck", "Fargo", "Grand Forks", "Minot", "Williston"]},
        {"code": "oh", "name": "Ohio", "cities": ["Columbus", "Cleveland", "Cincinnati", "Toledo", "Akron"]},
        {"code": "ok", "name": "Oklahoma", "cities": ["Oklahoma City", "Tulsa", "Norman", "Broken Arrow", "Edmond"]},
        {"code": "or", "name": "Oregon", "cities": ["Portland", "Eugene", "Salem", "Gresham", "Hillsboro"]},
        {"code": "pa", "name": "Pennsylvania", "cities": ["Philadelphia", "Pittsburgh", "Allentown", "Erie", "Reading"]},
        {"code": "ri", "name": "Rhode Island", "cities": ["Providence", "Warwick", "Cranston", "Pawtucket", "East Providence"]},
        {"code": "sc", "name": "South Carolina", "cities": ["Charleston", "Columbia", "Greenville", "Greenwood", "Spartanburg"]},
        {"code": "sd", "name": "South Dakota", "cities": ["Sioux Falls", "Rapid City", "Aberdeen", "Brookings", "Watertown"]},
        {"code": "tn", "name": "Tennessee", "cities": ["Memphis", "Nashville", "Knoxville", "Chattanooga", "Clarksville"]},
        {"code": "tx", "name": "Texas", "cities": ["Houston", "Dallas", "Austin", "San Antonio", "Fort Worth", "El Paso", "Arlington"]},
        {"code": "ut", "name": "Utah", "cities": ["Salt Lake City", "Provo", "West Jordan", "Ogden", "St. George"]},
        {"code": "vt", "name": "Vermont", "cities": ["Burlington", "Rutland", "Montpelier", "Barre", "Bennington"]},
        {"code": "va", "name": "Virginia", "cities": ["Virginia Beach", "Richmond", "Arlington", "Alexandria", "Norfolk"]},
        {"code": "wa", "name": "Washington", "cities": ["Seattle", "Spokane", "Tacoma", "Vancouver", "Bellevue"]},
        {"code": "wv", "name": "West Virginia", "cities": ["Charleston", "Huntington", "Parkersburg", "Morgantown", "Wheeling"]},
        {"code": "wi", "name": "Wisconsin", "cities": ["Milwaukee", "Madison", "Green Bay", "Kenosha", "Racine"]},
        {"code": "wy", "name": "Wyoming", "cities": ["Cheyenne", "Casper", "Laramie", "Gillette", "Rock Springs"]}
      ]
    },
    {
      "code": "ca",
      "name": "Canada",
      "region": "North America",
      "states": [
        {"code": "ab", "name": "Alberta", "cities": ["Calgary", "Edmonton", "Lethbridge", "Red Deer"]},
        {"code": "bc", "name": "British Columbia", "cities": ["Vancouver", "Victoria", "Burnaby", "Surrey", "Kelowna"]},
        {"code": "mb", "name": "Manitoba", "cities": ["Winnipeg", "Brandon", "Thompson", "Selkirk"]},
        {"code": "nb", "name": "New Brunswick", "cities": ["Saint John", "Moncton", "Fredericton", "Bathurst"]},
        {"code": "nl", "name": "Newfoundland and Labrador", "cities": ["St. John's", "Corner Brook", "Gander", "Grand Falls-Windsor"]},
        {"code": "ns", "name": "Nova Scotia", "cities": ["Halifax", "Cape Breton", "Sydney", "Dartmouth"]},
        {"code": "on", "name": "Ontario", "cities": ["Toronto", "Ottawa", "Hamilton", "London", "Mississauga"]},
        {"code": "pe", "name": "Prince Edward Island", "cities": ["Charlottetown", "Summerside"]},
        {"code": "qc", "name": "Quebec", "cities": ["Montreal", "Quebec City", "Gatineau", "Laval", "Longueuil"]},
        {"code": "sk", "name": "Saskatchewan", "cities": ["Saskatoon", "Regina", "Prince Albert", "Moose Jaw"]}
      ]
    },
    {
      "code": "au",
      "name": "Australia",
      "region": "Oceania",
      "states": [
        {"code": "nsw", "name": "New South Wales", "cities": ["Sydney", "Newcastle", "Wollongong", "Central Coast", "Lismore"]},
        {"code": "vic", "name": "Victoria", "cities": ["Melbourne", "Geelong", "Ballarat", "Bendigo", "Shepparton"]},
        {"code": "qld", "name": "Queensland", "cities": ["Brisbane", "Gold Coast", "Sunshine Coast", "Townsville", "Cairns"]},
        {"code": "wa", "name": "Western Australia", "cities": ["Perth", "Fremantle", "Mandurah", "Bunbury", "Albany"]},
        {"code": "sa", "name": "South Australia", "cities": ["Adelaide", "Gawler", "Whyalla", "Mount Gambier", "Port Pirie"]},
        {"code": "tas", "name": "Tasmania", "cities": ["Hobart", "Launceston", "Devonport", "Burnie"]},
        {"code": "act", "name": "Australian Capital Territory", "cities": ["Canberra"]},
        {"code": "nt", "name": "Northern Territory", "cities": ["Darwin", "Alice Springs", "Palmerston"]}
      ]
    },
    {
      "code": "de",
      "name": "Germany",
      "region": "Europe",
      "states": [
        {"code": "bw", "name": "Baden-Württemberg", "cities": ["Stuttgart", "Mannheim", "Heidelberg", "Freiburg", "Karlsruhe"]},
        {"code": "by", "name": "Bavaria", "cities": ["Munich", "Nuremberg", "Augsburg", "Regensburg", "Ingolstadt"]},
        {"code": "be", "name": "Berlin", "cities": ["Berlin"]},
        {"code": "bb", "name": "Brandenburg", "cities": ["Potsdam", "Cottbus", "Brandenburg", "Frankfurt"]},
        {"code": "hb", "name": "Bremen", "cities": ["Bremen", "Bremerhaven"]},
        {"code": "hh", "name": "Hamburg", "cities": ["Hamburg"]},
        {"code": "he", "name": "Hesse", "cities": ["Frankfurt", "Wiesbaden", "Darmstadt", "Kassel"]},
        {"code": "mv", "name": "Mecklenburg-Vorpommern", "cities": ["Rostock", "Schwerin", "Greifswald", "Stralsund"]},
        {"code": "ni", "name": "Lower Saxony", "cities": ["Hannover", "Braunschweig", "Oldenburg", "Osnabrück"]},
        {"code": "nrw", "name": "North Rhine-Westphalia", "cities": ["Cologne", "Düsseldorf", "Dortmund", "Essen", "Duisburg"]},
        {"code": "rp", "name": "Rhineland-Palatinate", "cities": ["Mainz", "Ludwigshafen", "Koblenz", "Trier"]},
        {"code": "sl", "name": "Saarland", "cities": ["Saarbrücken", "Neunkirchen"]},
        {"code": "sn", "name": "Saxony", "cities": ["Dresden", "Leipzig", "Chemnitz", "Zwickau"]},
        {"code": "st", "name": "Saxony-Anhalt", "cities": ["Magdeburg", "Halle", "Dessau", "Wittenberg"]},
        {"code": "sh", "name": "Schleswig-Holstein", "cities": ["Kiel", "Lübeck", "Flensburg", "Neumünster"]},
        {"code": "th", "name": "Thuringia", "cities": ["Erfurt", "Jena", "Gera", "Weimar"]}
      ]
    },
    {
      "code": "fr",
      "name": "France",
      "region": "Europe",
      "states": [
        {"code": "75", "name": "Paris", "cities": ["Paris"]},
        {"code": "auvrhone", "name": "Auvergne-Rhône-Alpes", "cities": ["Lyon", "Grenoble", "Saint-Étienne", "Clermont-Ferrand"]},
        {"code": "bourgogne", "name": "Bourgogne-Franche-Comté", "cities": ["Dijon", "Besançon", "Chalon-sur-Saône"]},
        {"code": "bretagne", "name": "Brittany", "cities": ["Rennes", "Brest", "Quimper", "Lorient"]},
        {"code": "centre", "name": "Centre-Val de Loire", "cities": ["Tours", "Orléans", "Blois"]},
        {"code": "champagne", "name": "Grand Est", "cities": ["Strasbourg", "Reims", "Metz", "Mulhouse"]},
        {"code": "corse", "name": "Corsica", "cities": ["Ajaccio", "Bastia"]},
        {"code": "idf", "name": "Île-de-France", "cities": ["Paris", "Boulogne-Billancourt", "Saint-Denis", "Versailles"]},
        {"code": "aquitaine", "name": "Nouvelle-Aquitaine", "cities": ["Bordeaux", "Poitiers", "Limoges", "Angoulême"]},
        {"code": "occitanie", "name": "Occitanie", "cities": ["Toulouse", "Montpellier", "Nîmes", "Perpignan"]},
        {"code": "paca", "name": "Provence-Alpes-Côte d'Azur", "cities": ["Marseille", "Nice", "Toulon", "Cannes"]},
        {"code": "normandie", "name": "Normandy", "cities": ["Rouen", "Caen", "Le Havre", "Dieppe"]}
      ]
    },
    {
      "code": "jp",
      "name": "Japan",
      "region": "Asia",
      "states": [
        {"code": "hokkaido", "name": "Hokkaido", "cities": ["Sapporo", "Asahikawa", "Tomakomai", "Hakodate"]},
        {"code": "aomori", "name": "Aomori", "cities": ["Aomori", "Hirosaki"]},
        {"code": "iwate", "name": "Iwate", "cities": ["Morioka", "Kamaishi"]},
        {"code": "miyagi", "name": "Miyagi", "cities": ["Sendai", "Ishinomaki"]},
        {"code": "akita", "name": "Akita", "cities": ["Akita", "Aomori"]},
        {"code": "yamagata", "name": "Yamagata", "cities": ["Yamagata", "Yonezawa"]},
        {"code": "fukushima", "name": "Fukushima", "cities": ["Fukushima", "Koriyama"]},
        {"code": "ibaraki", "name": "Ibaraki", "cities": ["Mito", "Hitachi"]},
        {"code": "tochigi", "name": "Tochigi", "cities": ["Utsunomiya", "Ashikaga"]},
        {"code": "gunma", "name": "Gunma", "cities": ["Maebashi", "Takasaki"]},
        {"code": "saitama", "name": "Saitama", "cities": ["Saitama", "Kawagoe"]},
        {"code": "chiba", "name": "Chiba", "cities": ["Chiba", "Funabashi"]},
        {"code": "tokyo", "name": "Tokyo", "cities": ["Tokyo", "Shinjuku", "Shibuya"]},
        {"code": "kanagawa", "name": "Kanagawa", "cities": ["Yokohama", "Kawasaki", "Yokosuka"]},
        {"code": "niigata", "name": "Niigata", "cities": ["Niigata", "Nagaoka"]},
        {"code": "toyama", "name": "Toyama", "cities": ["Toyama", "Takaoka"]},
        {"code": "ishikawa", "name": "Ishikawa", "cities": ["Kanazawa", "Komatsu"]},
        {"code": "fukui", "name": "Fukui", "cities": ["Fukui", "Sabae"]},
        {"code": "yamanashi", "name": "Yamanashi", "cities": ["Kofu", "Tsuru"]},
        {"code": "nagano", "name": "Nagano", "cities": ["Nagano", "Matsumoto"]},
        {"code": "gifu", "name": "Gifu", "cities": ["Gifu", "Takayama"]},
        {"code": "shizuoka", "name": "Shizuoka", "cities": ["Shizuoka", "Hamamatsu"]},
        {"code": "aichi", "name": "Aichi", "cities": ["Nagoya", "Toyota", "Okazaki"]},
        {"code": "mie", "name": "Mie", "cities": ["Tsu", "Matsusaka"]},
        {"code": "shiga", "name": "Shiga", "cities": ["Otsu", "Hikone"]},
        {"code": "kyoto", "name": "Kyoto", "cities": ["Kyoto", "Uji"]},
        {"code": "osaka", "name": "Osaka", "cities": ["Osaka", "Kobe", "Sakai"]},
        {"code": "hyogo", "name": "Hyogo", "cities": ["Kobe", "Himeji", "Amagasaki"]},
        {"code": "nara", "name": "Nara", "cities": ["Nara", "Kashihara"]},
        {"code": "wakayama", "name": "Wakayama", "cities": ["Wakayama", "Tanabe"]},
        {"code": "tottori", "name": "Tottori", "cities": ["Tottori", "Yonago"]},
        {"code": "shimane", "name": "Shimane", "cities": ["Matsue", "Izumo"]},
        {"code": "okayama", "name": "Okayama", "cities": ["Okayama", "Kurashiki"]},
        {"code": "hiroshima", "name": "Hiroshima", "cities": ["Hiroshima", "Fukuyama"]},
        {"code": "yamaguchi", "name": "Yamaguchi", "cities": ["Yamaguchi", "Ube"]},
        {"code": "tokushima", "name": "Tokushima", "cities": ["Tokushima", "Komatsushima"]},
        {"code": "kagawa", "name": "Kagawa", "cities": ["Takamatsu", "Marugame"]},
        {"code": "ehime", "name": "Ehime", "cities": ["Matsuyama", "Imabari"]},
        {"code": "kochi", "name": "Kochi", "cities": ["Kochi", "Nankoku"]},
        {"code": "fukuoka", "name": "Fukuoka", "cities": ["Fukuoka", "Kitakyushu"]},
        {"code": "saga", "name": "Saga", "cities": ["Saga", "Kashima"]},
        {"code": "nagasaki", "name": "Nagasaki", "cities": ["Nagasaki", "Sasebo"]},
        {"code": "kumamoto", "name": "Kumamoto", "cities": ["Kumamoto", "Yatsushiro"]},
        {"code": "oita", "name": "Oita", "cities": ["Oita", "Beppu"]},
        {"code": "miyazaki", "name": "Miyazaki", "cities": ["Miyazaki", "Miyakonojo"]},
        {"code": "kagoshima", "name": "Kagoshima", "cities": ["Kagoshima", "Kanoya"]},
        {"code": "okinawa", "name": "Okinawa", "cities": ["Naha", "Okinawa"]}
      ]
    },
    {
      "code": "in",
      "name": "India",
      "region": "Asia",
      "states": [
        {"code": "ap", "name": "Andhra Pradesh", "cities": ["Visakhapatnam", "Vijayawada", "Rajahmundry"]},
        {"code": "ar", "name": "Arunachal Pradesh", "cities": ["Itanagar", "Naharlagun"]},
        {"code": "as", "name": "Assam", "cities": ["Guwahati", "Silchar", "Dibrugarh"]},
        {"code": "br", "name": "Bihar", "cities": ["Patna", "Gaya", "Bhagalpur"]},
        {"code": "ct", "name": "Chhattisgarh", "cities": ["Raipur", "Bilaspur", "Durg"]},
        {"code": "goa", "name": "Goa", "cities": ["Panaji", "Margao"]},
        {"code": "gj", "name": "Gujarat", "cities": ["Ahmedabad", "Surat", "Vadodara", "Rajkot"]},
        {"code": "hr", "name": "Haryana", "cities": ["Faridabad", "Gurgaon", "Hisar"]},
        {"code": "hp", "name": "Himachal Pradesh", "cities": ["Shimla", "Mandi"]},
        {"code": "jk", "name": "Jammu and Kashmir", "cities": ["Srinagar", "Jammu"]},
        {"code": "jh", "name": "Jharkhand", "cities": ["Ranchi", "Jamshedpur", "Dhanbad"]},
        {"code": "ka", "name": "Karnataka", "cities": ["Bangalore", "Mysore", "Mangalore", "Belgaum"]},
        {"code": "kl", "name": "Kerala", "cities": ["Kochi", "Thiruvananthapuram", "Kozhikode"]},
        {"code": "mp", "name": "Madhya Pradesh", "cities": ["Indore", "Bhopal", "Jabalpur"]},
        {"code": "mh", "name": "Maharashtra", "cities": ["Mumbai", "Pune", "Nagpur", "Nashik"]},
        {"code": "mn", "name": "Manipur", "cities": ["Imphal"]},
        {"code": "ml", "name": "Meghalaya", "cities": ["Shillong"]},
        {"code": "mz", "name": "Mizoram", "cities": ["Aizawl"]},
        {"code": "nl", "name": "Nagaland", "cities": ["Kohima"]},
        {"code": "or", "name": "Odisha", "cities": ["Bhubaneswar", "Cuttack", "Rourkela"]},
        {"code": "pb", "name": "Punjab", "cities": ["Ludhiana", "Amritsar", "Chandigarh"]},
        {"code": "rj", "name": "Rajasthan", "cities": ["Jaipur", "Jodhpur", "Udaipur"]},
        {"code": "tn", "name": "Tamil Nadu", "cities": ["Chennai", "Coimbatore", "Salem", "Madurai"]},
        {"code": "tr", "name": "Tripura", "cities": ["Agartala"]},
        {"code": "up", "name": "Uttar Pradesh", "cities": ["Lucknow", "Kanpur", "Agra", "Varanasi"]},
        {"code": "uk", "name": "Uttarakhand", "cities": ["Dehradun", "Haridwar"]},
        {"code": "wb", "name": "West Bengal", "cities": ["Kolkata", "Darjeeling", "Asansol"]}
      ]
    },
    {
      "code": "br",
      "name": "Brazil",
      "region": "South America",
      "states": [
        {"code": "ac", "name": "Acre", "cities": ["Rio Branco"]},
        {"code": "al", "name": "Alagoas", "cities": ["Maceió"]},
        {"code": "ap", "name": "Amapá", "cities": ["Macapá"]},
        {"code": "am", "name": "Amazonas", "cities": ["Manaus"]},
        {"code": "ba", "name": "Bahia", "cities": ["Salvador", "Feira de Santana"]},
        {"code": "ce", "name": "Ceará", "cities": ["Fortaleza", "Juazeiro do Norte"]},
        {"code": "df", "name": "Federal District", "cities": ["Brasília"]},
        {"code": "es", "name": "Espírito Santo", "cities": ["Vitória", "Vila Velha"]},
        {"code": "go", "name": "Goiás", "cities": ["Goiânia", "Anápolis"]},
        {"code": "ma", "name": "Maranhão", "cities": ["São Luís", "Imperatriz"]},
        {"code": "mt", "name": "Mato Grosso", "cities": ["Cuiabá"]},
        {"code": "ms", "name": "Mato Grosso do Sul", "cities": ["Campo Grande", "Dourados"]},
        {"code": "mg", "name": "Minas Gerais", "cities": ["Belo Horizonte", "Uberlândia"]},
        {"code": "pa", "name": "Pará", "cities": ["Belém", "Ananindeua"]},
        {"code": "pb", "name": "Paraíba", "cities": ["João Pessoa", "Campina Grande"]},
        {"code": "pr", "name": "Paraná", "cities": ["Curitiba", "Londrina", "Maringá"]},
        {"code": "pe", "name": "Pernambuco", "cities": ["Recife", "Jaboatão"]},
        {"code": "pi", "name": "Piauí", "cities": ["Teresina"]},
        {"code": "rj", "name": "Rio de Janeiro", "cities": ["Rio de Janeiro", "Niterói"]},
        {"code": "rn", "name": "Rio Grande do Norte", "cities": ["Natal"]},
        {"code": "rs", "name": "Rio Grande do Sul", "cities": ["Porto Alegre", "Caxias do Sul"]},
        {"code": "ro", "name": "Rondônia", "cities": ["Porto Velho"]},
        {"code": "rr", "name": "Roraima", "cities": ["Boa Vista"]},
        {"code": "sc", "name": "Santa Catarina", "cities": ["Florianópolis", "Blumenau"]},
        {"code": "sp", "name": "São Paulo", "cities": ["São Paulo", "Campinas", "Santos"]},
        {"code": "se", "name": "Sergipe", "cities": ["Aracaju"]},
        {"code": "to", "name": "Tocantins", "cities": ["Palmas"]}
      ]
    },
    {
      "code": "cn",
      "name": "China",
      "region": "Asia",
      "states": [
        {"code": "ahui", "name": "Anhui", "cities": ["Hefei", "Wuhu", "Chaohu"]},
        {"code": "bj", "name": "Beijing", "cities": ["Beijing"]},
        {"code": "fuj", "name": "Fujian", "cities": ["Fuzhou", "Xiamen", "Quanzhou"]},
        {"code": "gan", "name": "Gansu", "cities": ["Lanzhou", "Tianshui"]},
        {"code": "guang", "name": "Guangdong", "cities": ["Guangzhou", "Shenzhen", "Dongguan"]},
        {"code": "gxi", "name": "Guangxi", "cities": ["Nanning", "Guilin"]},
        {"code": "gui", "name": "Guizhou", "cities": ["Guiyang", "Zunyi"]},
        {"code": "hai", "name": "Hainan", "cities": ["Haikou", "Sanya"]},
        {"code": "hb", "name": "Hebei", "cities": ["Shijiazhuang", "Tangshan"]},
        {"code": "hei", "name": "Heilongjiang", "cities": ["Harbin", "Qiqihar"]},
        {"code": "hen", "name": "Henan", "cities": ["Zhengzhou", "Luoyang"]},
        {"code": "hub", "name": "Hubei", "cities": ["Wuhan", "Yichang"]},
        {"code": "hun", "name": "Hunan", "cities": ["Changsha", "Zhuzhou"]},
        {"code": "jl", "name": "Jilin", "cities": ["Changchun", "Jilin"]},
        {"code": "jx", "name": "Jiangxi", "cities": ["Nanchang", "Ganzhou"]},
        {"code": "js", "name": "Jiangsu", "cities": ["Nanjing", "Shanghai", "Suzhou"]},
        {"code": "ln", "name": "Liaoning", "cities": ["Shenyang", "Dalian"]},
        {"code": "nm", "name": "Inner Mongolia", "cities": ["Hohhot", "Baotou"]},
        {"code": "nx", "name": "Ningxia", "cities": ["Yinchuan"]},
        {"code": "qh", "name": "Qinghai", "cities": ["Xining"]},
        {"code": "sh", "name": "Shanghai", "cities": ["Shanghai"]},
        {"code": "sx", "name": "Shanxi", "cities": ["Taiyuan", "Datong"]},
        {"code": "sn", "name": "Shaanxi", "cities": ["Xi'an", "Xianyang"]},
        {"code": "sc", "name": "Sichuan", "cities": ["Chengdu", "Chongqing"]},
        {"code": "tj", "name": "Tianjin", "cities": ["Tianjin"]},
        {"code": "xj", "name": "Xinjiang", "cities": ["Urumqi", "Kashgar"]},
        {"code": "yn", "name": "Yunnan", "cities": ["Kunming", "Dali"]},
        {"code": "zj", "name": "Zhejiang", "cities": ["Hangzhou", "Ningbo", "Wenzhou"]}
      ]
    },
    {
      "code": "mx",
      "name": "Mexico",
      "region": "North America",
      "states": [
        {"code": "ag", "name": "Aguascalientes", "cities": ["Aguascalientes"]},
        {"code": "bc", "name": "Baja California", "cities": ["Mexicali", "Tijuana"]},
        {"code": "bs", "name": "Baja California Sur", "cities": ["La Paz"]},
        {"code": "camp", "name": "Campeche", "cities": ["Campeche"]},
        {"code": "coah", "name": "Coahuila", "cities": ["Saltillo", "Torreón"]},
        {"code": "col", "name": "Colima", "cities": ["Colima"]},
        {"code": "cdmx", "name": "Mexico City", "cities": ["Mexico City"]},
        {"code": "dur", "name": "Durango", "cities": ["Durango"]},
        {"code": "edom", "name": "State of Mexico", "cities": ["Toluca"]},
        {"code": "gto", "name": "Guanajuato", "cities": ["Leon", "Guanajuato"]},
        {"code": "gro", "name": "Guerrero", "cities": ["Chilpancingo", "Acapulco"]},
        {"code": "hgo", "name": "Hidalgo", "cities": ["Pachuca"]},
        {"code": "jal", "name": "Jalisco", "cities": ["Guadalajara", "Zapopan"]},
        {"code": "mich", "name": "Michoacán", "cities": ["Morelia"]},
        {"code": "mor", "name": "Morelos", "cities": ["Cuernavaca"]},
        {"code": "nay", "name": "Nayarit", "cities": ["Tepic"]},
        {"code": "nl", "name": "Nuevo León", "cities": ["Monterrey"]},
        {"code": "oax", "name": "Oaxaca", "cities": ["Oaxaca City"]},
        {"code": "pue", "name": "Puebla", "cities": ["Puebla"]},
        {"code": "que", "name": "Querétaro", "cities": ["Querétaro"]},
        {"code": "qr", "name": "Quintana Roo", "cities": ["Cancun", "Playa del Carmen"]},
        {"code": "slp", "name": "San Luis Potosí", "cities": ["San Luis Potosí"]},
        {"code": "sin", "name": "Sinaloa", "cities": ["Culiacán"]},
        {"code": "son", "name": "Sonora", "cities": ["Hermosillo"]},
        {"code": "tab", "name": "Tabasco", "cities": ["Villahermosa"]},
        {"code": "tam", "name": "Tamaulipas", "cities": ["Ciudad Victoria"]},
        {"code": "tlx", "name": "Tlaxcala", "cities": ["Tlaxcala"]},
        {"code": "ver", "name": "Veracruz", "cities": ["Veracruz"]}
      ]
    },
    {
      "code": "sg",
      "name": "Singapore",
      "region": "Asia",
      "states": [
        {"code": "sg", "name": "Singapore", "cities": ["Singapore", "Marina Bay", "Jurong"]}
      ]
    },
    {
      "code": "ae",
      "name": "United Arab Emirates",
      "region": "Middle East",
      "states": [
        {"code": "dub", "name": "Dubai", "cities": ["Dubai", "Jumeirah"]},
        {"code": "abu", "name": "Abu Dhabi", "cities": ["Abu Dhabi"]},
        {"code": "sha", "name": "Sharjah", "cities": ["Sharjah"]},
        {"code": "aja", "name": "Ajman", "cities": ["Ajman"]},
        {"code": "ras", "name": "Ras Al Khaimah", "cities": ["Ras Al Khaimah"]},
        {"code": "umq", "name": "Umm Al Quwain", "cities": ["Umm Al Quwain"]},
        {"code": "fuj", "name": "Fujairah", "cities": ["Fujairah"]}
      ]
    },
    {
      "code": "kr",
      "name": "South Korea",
      "region": "Asia",
      "states": [
        {"code": "seoul", "name": "Seoul", "cities": ["Seoul"]},
        {"code": "busan", "name": "Busan", "cities": ["Busan"]},
        {"code": "incheon", "name": "Incheon", "cities": ["Incheon"]},
        {"code": "daegu", "name": "Daegu", "cities": ["Daegu"]},
        {"code": "daejeon", "name": "Daejeon", "cities": ["Daejeon"]},
        {"code": "gwangju", "name": "Gwangju", "cities": ["Gwangju"]},
        {"code": "ulsan", "name": "Ulsan", "cities": ["Ulsan"]},
        {"code": "gyeonggi", "name": "Gyeonggi", "cities": ["Suwon", "Goyang"]},
        {"code": "kangwon", "name": "Kangwon", "cities": ["Chuncheon"]},
        {"code": "chungbuk", "name": "North Chungcheong", "cities": ["Cheongju"]},
        {"code": "chungnam", "name": "South Chungcheong", "cities": ["Daejeon", "Sejong"]},
        {"code": "jeonbuk", "name": "North Jeolla", "cities": ["Jeonju"]},
        {"code": "jeonnam", "name": "South Jeolla", "cities": ["Gwangju"]},
        {"code": "gyeongbuk", "name": "North Gyeongsang", "cities": ["Pohang", "Gumi"]},
        {"code": "gyeongnam", "name": "South Gyeongsang", "cities": ["Busan", "Changwon"]},
        {"code": "jeju", "name": "Jeju", "cities": ["Jeju City"]}
      ]
    },
    {
      "code": "za",
      "name": "South Africa",
      "region": "Africa",
      "states": [
        {"code": "ec", "name": "Eastern Cape", "cities": ["Port Elizabeth", "East London"]},
        {"code": "fs", "name": "Free State", "cities": ["Bloemfontein"]},
        {"code": "gt", "name": "Gauteng", "cities": ["Johannesburg", "Pretoria"]},
        {"code": "kzn", "name": "KwaZulu-Natal", "cities": ["Durban", "Pietermaritzburg"]},
        {"code": "lp", "name": "Limpopo", "cities": ["Polokwane"]},
        {"code": "mp", "name": "Mpumalanga", "cities": ["Mbombela"]},
        {"code": "nc", "name": "Northern Cape", "cities": ["Kimberley"]},
        {"code": "nw", "name": "North West", "cities": ["Mafikeng"]},
        {"code": "wc", "name": "Western Cape", "cities": ["Cape Town", "Stellenbosch"]}
      ]
    },
    {
      "code": "nz",
      "name": "New Zealand",
      "region": "Oceania",
      "states": [
        {"code": "auckland", "name": "Auckland", "cities": ["Auckland"]},
        {"code": "bay", "name": "Bay of Plenty", "cities": ["Tauranga", "Rotorua"]},
        {"code": "can", "name": "Canterbury", "cities": ["Christchurch"]},
        {"code": "chat", "name": "Chatham Islands", "cities": ["Waitangi"]},
        {"code": "haw", "name": "Hawke's Bay", "cities": ["Napier", "Hastings"]},
        {"code": "mana", "name": "Manawatu-Wanganui", "cities": ["Palmerston North"]},
        {"code": "marl", "name": "Marlborough", "cities": ["Blenheim"]},
        {"code": "nelson", "name": "Nelson", "cities": ["Nelson"]},
        {"code": "north", "name": "Northland", "cities": ["Whangarei"]},
        {"code": "otagao", "name": "Otago", "cities": ["Dunedin"]},
        {"code": "soland", "name": "Southland", "cities": ["Invercargill"]},
        {"code": "tasman", "name": "Tasman", "cities": ["Motueka"]},
        {"code": "taranaki", "name": "Taranaki", "cities": ["New Plymouth"]},
        {"code": "waika", "name": "Waikato", "cities": ["Hamilton"]},
        {"code": "wair", "name": "Wairarapa", "cities": ["Masterton"]},
        {"code": "west", "name": "West Coast", "cities": ["Greymouth"]},
        {"code": "welling", "name": "Wellington", "cities": ["Wellington", "Lower Hutt"]}
      ]
    },
    {
      "code": "nl",
      "name": "Netherlands",
      "region": "Europe",
      "states": [
        {"code": "north_holland", "name": "North Holland", "cities": ["Amsterdam", "Haarlem"]},
        {"code": "south_holland", "name": "South Holland", "cities": ["Rotterdam", "The Hague"]},
        {"code": "flevoland", "name": "Flevoland", "cities": ["Lelystad"]},
        {"code": "groningen", "name": "Groningen", "cities": ["Groningen"]},
        {"code": "drenthe", "name": "Drenthe", "cities": ["Assen"]},
        {"code": "friesland", "name": "Friesland", "cities": ["Leeuwarden"]},
        {"code": "gelderland", "name": "Gelderland", "cities": ["Arnhem", "Nijmegen"]},
        {"code": "overijssel", "name": "Overijssel", "cities": ["Zwolle", "Enschede"]},
        {"code": "utrecht", "name": "Utrecht", "cities": ["Utrecht"]},
        {"code": "limburg", "name": "Limburg", "cities": ["Maastricht"]},
        {"code": "north_brabant", "name": "North Brabant", "cities": ["Eindhoven", "Den Bosch"]}
      ]
    },
    {
      "code": "se",
      "name": "Sweden",
      "region": "Europe",
      "states": [
        {"code": "stockholm", "name": "Stockholm", "cities": ["Stockholm", "Nacka"]},
        {"code": "vastmanland", "name": "Västmanland", "cities": ["Västerås"]},
        {"code": "dalarna", "name": "Dalarna", "cities": ["Falun"]},
        {"code": "gavleborg", "name": "Gävleborg", "cities": ["Gävle"]},
        {"code": "vasternorrland", "name": "Västernorrland", "cities": ["Sundsvall"]},
        {"code": "jamtland", "name": "Jämtland", "cities": ["Östersund"]},
        {"code": "vasterbotten", "name": "Västerbotten", "cities": ["Umeå"]},
        {"code": "norrbotten", "name": "Norrbotten", "cities": ["Luleå"]},
        {"code": "uppsala", "name": "Uppsala", "cities": ["Uppsala"]},
        {"code": "sodermanland", "name": "Södermanland", "cities": ["Nyköping"]},
        {"code": "ostergotland", "name": "Östergötland", "cities": ["Linköping"]},
        {"code": "vastra_gotaland", "name": "Västra Götaland", "cities": ["Gothenburg", "Borås"]},
        {"code": "halland", "name": "Halland", "cities": ["Halmstad"]},
        {"code": "skane", "name": "Scania", "cities": ["Malmö", "Lund"]}
      ]
    },
    {
      "code": "ch",
      "name": "Switzerland",
      "region": "Europe",
      "states": [
        {"code": "aargau", "name": "Aargau", "cities": ["Aarau"]},
        {"code": "appenzell_innerrhoden", "name": "Appenzell Innerrhoden", "cities": ["Appenzell"]},
        {"code": "appenzell_ausserrhoden", "name": "Appenzell Ausserrhoden", "cities": ["Herisau"]},
        {"code": "basel_landschaft", "name": "Basel-Landschaft", "cities": ["Liestal"]},
        {"code": "basel_stadt", "name": "Basel-Stadt", "cities": ["Basel"]},
        {"code": "bern", "name": "Bern", "cities": ["Bern", "Biel"]},
        {"code": "fribourg", "name": "Fribourg", "cities": ["Fribourg"]},
        {"code": "geneva", "name": "Geneva", "cities": ["Geneva"]},
        {"code": "glarus", "name": "Glarus", "cities": ["Glarus"]},
        {"code": "grisons", "name": "Grisons", "cities": ["Chur"]},
        {"code": "jura", "name": "Jura", "cities": ["Delémont"]},
        {"code": "lucerne", "name": "Lucerne", "cities": ["Lucerne"]},
        {"code": "neuchatel", "name": "Neuchâtel", "cities": ["Neuchâtel"]},
        {"code": "nidwalden", "name": "Nidwalden", "cities": ["Stans"]},
        {"code": "obwalden", "name": "Obwalden", "cities": ["Sarnen"]},
        {"code": "schaffhausen", "name": "Schaffhausen", "cities": ["Schaffhausen"]},
        {"code": "schwyz", "name": "Schwyz", "cities": ["Schwyz"]},
        {"code": "solothurn", "name": "Solothurn", "cities": ["Solothurn"]},
        {"code": "st_gallen", "name": "St. Gallen", "cities": ["St. Gallen"]},
        {"code": "thurgau", "name": "Thurgau", "cities": ["Frauenfeld"]},
        {"code": "ticino", "name": "Ticino", "cities": ["Lugano"]},
        {"code": "uri", "name": "Uri", "cities": ["Altdorf"]},
        {"code": "valais", "name": "Valais", "cities": ["Sion"]},
        {"code": "vaud", "name": "Vaud", "cities": ["Lausanne"]},
        {"code": "zug", "name": "Zug", "cities": ["Zug"]},
        {"code": "zurich", "name": "Zurich", "cities": ["Zurich"]}
      ]
    }
  ]
}
